ID,Title,First Name,Last Name,Birthday,Assignment 1,Assignment 2,Practical,Final Examination,Oral Presentation,Final Thesis,Weighted Average,Final Grade,
1097472,Ms.,Jane,Doe,4/3/1998,,,,,18.0,90.0,90.0,HD,
1234345,Mr.,John,Doe,1/12/1997,,,,,20.0,100.0,100.0,HD,
10234972,Ms.,Joanne,Doe,4/2/1999,,,,,20.0,100.0,100.0,HD,
109747221,Ms.,Anne,Course,4/3/1998,80.0,90.0,20.0,100.0,,,92.5,HD,
123434523,Mr.,Alex,Course,1/12/1997,100.0,100.0,20.0,100.0,,,100.0,HD,
1023292372,Ms.,Ary,Course,4/2/1999,99.0,96.0,13.0,86.0,,,87.55,HD,
1023492372,Ms.,Ary,Course,4/2/1999,90.0,90.0,20.0,100.0,,,95.0,HD,
